Participant_Code,Window_ID,Window_Start,Window_End,Segment_Type,HRV_MeanNN,HRV_SDNN,HRV_RMSSD,HRV_pNN50,HRV_LF,HRV_HF,HRV_LFHF,HRV_SDSD,HRV_pNN20,HRV_VLF,HRV_maxNN,HRV_minNN,HRV_prc80NN,HRV_madNN,EDA_Tonic,SCR_Amplitude,SCR_Onsets,SCR_Phasic,Window_Start_readable,Window_End_readable,HRV_MeanNN_norm,HRV_SDNN_norm,HRV_RMSSD_norm,HRV_pNN50_norm,HRV_LF_norm,HRV_HF_norm,HRV_LFHF_norm,HRV_SDSD_norm,HRV_pNN20_norm,HRV_VLF_norm,HRV_maxNN_norm,HRV_minNN_norm,HRV_prc80NN_norm,HRV_madNN_norm,EDA_Tonic_norm,SCR_Amplitude_norm,SCR_Onsets_norm,SCR_Phasic_norm
07cwkx8l,Baseline_1,1723551684187127808,1723551821626081280,Baseline,675.8345588235294,58.00097018135229,31.05816440852962,11.029411764705882,0.013113971473990864,0.0021788603524347688,6.018729681017257,31.08679035189354,48.713235294117645,0.010561646023509546,832.0,524.0,721.4000000000001,38.0,24.998885832804188,3.9374811360793045e-07,443,5.9337906062176e-06,2024-08-13 14:21:24.187128,2024-08-13 14:23:41.626081,,,,,,,,,,,,,,,,,,
07cwkx8l,Task_1,1723552233942941696,1723552508820848640,Task,688.29,47.85711838091232,27.400359936610684,6.25,0.02513688109446713,0.004268450441367479,5.88899448166348,27.41746982218231,43.75,0.013783768994116975,850.0,568.0,726.2,33.0,24.99900316516754,4.0816490398247274e-07,836,-1.5042541470564803e-06,2024-08-13 14:30:33.942942,2024-08-13 14:35:08.820849,12.455441176470572,-10.143851800439968,-3.6578044719189364,-4.779411764705882,0.012022909620476264,0.0020895900889327103,-0.1297351993537772,-3.669320529711232,-4.963235294117645,0.0032221229706074286,18.0,44.0,4.7999999999999545,-5.0,0.00011733236335231823,1.4416790374542294e-08,393.0,-7.43804475327408e-06
07cwkx8l,Task_2,1723552508820848640,1723552783698755584,Task,701.6893453145058,62.79858059206461,29.335068987366867,7.445442875481387,0.01627805444756322,0.002688518022882362,6.054656992818485,29.352954696586455,42.3620025673941,0.015101947299814861,933.0,521.0,746.0,39.0,24.99891868789655,4.3003244059234534e-07,846,-7.470835049125012e-07,2024-08-13 14:35:08.820849,2024-08-13 14:39:43.698756,25.85478649097638,4.797610410712323,-1.7230954211627534,-3.5839688892244954,0.003164082973572355,0.000509657670447593,0.035927311801227546,-1.733835655307086,-6.351232726723545,0.0045403012763053155,101.0,-3.0,24.59999999999991,1.0,3.285509236050643e-05,3.628432698441489e-08,403.0,-6.680874111130101e-06
07cwkx8l,Task_3,1723552783698755584,1723553058576662528,Task,722.8745046235139,68.54515251848271,29.245924059158636,8.718626155878468,0.012129458422491841,0.0018929569313439077,6.407677967549168,29.26434802954697,43.46103038309115,0.016035177297871597,975.0,556.0,777.8000000000001,44.0,24.998876403261075,4.1953155074106093e-07,811,-6.106805204721796e-07,2024-08-13 14:39:43.698756,2024-08-13 14:44:18.576663,47.03994579998448,10.544182337130422,-1.8122403493709847,-2.3107856088274144,-0.0009845130514990232,-0.0002859034210908611,0.38894828653191116,-1.8224423223465713,-5.252204911026496,0.005473531274362051,143.0,32.0,56.39999999999998,6.0,-9.429543112560168e-06,2.578343713313048e-08,368.0,-6.54447112668978e-06
07cwkx8l,Task_4,1723553058576662528,1723553333454569472,Task,758.3965217391304,278.34313040871035,355.4560058930437,16.869565217391305,0.0005334593277303475,8.934222311865406e-05,5.970965452940076,355.7378174641084,45.91304347826087,0.0006830086248329761,4698.0,306.0,800.0,60.0,24.998832469515794,2.2155626866466296e-07,202,-3.4918909678871585e-06,2024-08-13 14:44:18.576663,2024-08-13 14:48:53.454570,82.56196291560104,220.34216022735808,324.39784148451406,5.840153452685422,-0.012580512146260516,-0.0020895181293161145,-0.04776422807718106,324.6510271122148,-2.8001918158567776,-0.00987863739867657,3866.0,-218.0,78.59999999999991,22.0,-5.3363288394336905e-05,-1.7219184494326748e-07,-241.0,-9.425681574104759e-06
0k5o6enp,Baseline_1,1723551271870267392,1723551546748174336,Baseline,948.1362763915547,222.43322820211858,187.09802038174863,55.470249520153544,0.0021071451580521256,0.004366961858421046,0.4825197073770647,187.2773955111066,74.6641074856046,0.001237195846963861,1464.0,412.0,1170.0,168.0,4.0225251895566565,1.0050287585694337e-05,16,3.374266661400772e-05,2024-08-13 14:14:31.870267,2024-08-13 14:19:06.748174,,,,,,,,,,,,,,,,,,
0k5o6enp,Task_1,1723552233942941696,1723552508820848640,Task,819.565,56.4439454085982,39.125989722770086,15.0,0.019336483115491163,0.0077596043650818135,2.491941883339472,39.15843255098626,59.333333333333336,0.012906032435485113,1088.0,677.0,862.0,35.0,7.291803360363397,1.3357561233806358e-05,21,-0.00022670288457246908,2024-08-13 14:30:33.942942,2024-08-13 14:35:08.820849,-128.57127639155465,-165.98928279352037,-147.97203065897855,-40.470249520153544,0.01722933795743904,0.0033926425066607676,2.009422175962407,-148.1189629601203,-15.330774152271267,0.011668836588521251,-376.0,265.0,-308.0,-133.0,3.26927817080674,3.3072736481120207e-06,5.0,-0.00026044555118647677
0k5o6enp,Task_2,1723552508820848640,1723552783698755584,Task,866.9129662522203,64.70255974280384,39.99459483053132,18.47246891651865,0.002580456343756485,0.0017188853859331445,1.5012381656590867,40.03015151407242,59.50266429840142,0.002321606981413024,1073.0,677.0,917.0,41.0,4.360263927013495,9.342963076098205e-07,12,-4.806732767232647e-06,2024-08-13 14:35:08.820849,2024-08-13 14:39:43.698756,-81.22331013933444,-157.73066845931476,-147.1034255512173,-36.997780603634894,0.0004733111857043596,-0.0026480764724879013,1.0187184582820221,-147.24724399703416,-15.161443187203183,0.0010844111344491631,-391.0,265.0,-253.0,-127.0,0.3377387374568386,-9.115991278084516e-06,-4.0,-3.8549399381240366e-05
0k5o6enp,Task_3,1723552783698755584,1723553058576662528,Task,926.2656546489563,119.56003637186517,75.71655167609411,31.309297912713475,0.003896028615764629,0.002183425797046842,1.7843650198848713,75.78659136512316,69.63946869070209,0.011203234275193596,1386.0,367.0,1003.8,54.0,2.728299077381589,6.518597345583954e-07,18,3.962323282156361e-06,2024-08-13 14:39:43.698756,2024-08-13 14:44:18.576663,-21.87062174259836,-102.87319183025342,-111.38146870565451,-24.16095160744007,0.0017888834577125035,-0.002183536061374204,1.3018453125078067,-111.49080414598343,-5.024638794902515,0.009966038428229736,-78.0,-45.0,-166.20000000000005,-114.0,-1.2942261121750676,-9.398427851135941e-06,2.0,-2.9780343331851355e-05
0k5o6enp,Task_4,1723553058576662528,1723553333454569472,Task,1096.3198198198197,150.30943692850528,103.23342460101415,60.36036036036037,0.0023986203251143054,0.0032759575893367603,0.7321890652436445,103.34616541076964,83.1081081081081,0.0019195326428024463,1386.0,367.0,1217.0,79.0,2.41417625441018,5.521882657424905e-07,17,-3.4063468059648736e-06,2024-08-13 14:44:18.576663,2024-08-13 14:48:53.454570,148.183543428265,-72.1237912736133,-83.86459578073448,4.890110840206823,0.00029147516706217987,-0.0010910042690842857,0.2496693578665798,-83.93123010033695,8.444000622503495,0.0006823367958385853,-78.0,-45.0,47.0,-89.0,-1.6083489351464766,-9.498099319951846e-06,1.0,-3.714901341997259e-05
m32wpcjo,Baseline_1,1723551271870267392,1723551546748174336,Baseline,752.3061538461538,87.65500095063489,62.15080570862396,25.846153846153847,0.02107825340307399,0.010688646475060175,1.9720226927006979,62.19867196395886,61.23076923076923,0.0096451543406289,1008.0,573.0,839.0,60.5,5.516480509723994,2.3984193593482532e-05,14,-8.891128064295021e-05,2024-08-13 14:14:31.870267,2024-08-13 14:19:06.748174,,,,,,,,,,,,,,,,,,
m32wpcjo,Task_1,1723552233942941696,1723552508820848640,Task,770.22893481717,93.2304267583556,71.53353184586896,40.06359300476948,0.03253456004991955,0.039016145968974326,0.8338742651770644,71.58977861636768,69.9523052464229,0.0074083148922981165,986.0,617.0,860.0,75.0,11.592017451595389,6.162262109417745e-05,58,6.28606807433367e-05,2024-08-13 14:30:33.942942,2024-08-13 14:35:08.820849,17.92278097101621,5.57542580772072,9.382726137245001,14.217439158615633,0.011456306646845563,0.02832749949391415,-1.1381484275236335,9.391106652408823,8.721536015653662,-0.002236839448330783,-22.0,44.0,21.0,14.5,6.075536941871395,3.763842750069491e-05,44.0,0.0001517719613862869
m32wpcjo,Task_2,1723552508820848640,1723552783698755584,Task,764.0079491255962,102.96005162054074,75.5627402031343,36.88394276629571,0.026049838260242552,0.007380088748011162,3.5297459352724783,75.62264913584329,67.24960254372019,0.00410826260867171,1018.9999999999999,595.0,874.4000000000001,77.0,12.605164645572343,7.832456508199857e-05,66,-0.0003815095011489261,2024-08-13 14:35:08.820849,2024-08-13 14:39:43.698756,11.701795279442308,15.305050669905853,13.411934494510334,11.037788920141864,0.004971584857168563,-0.003308557727049013,1.5577232425717804,13.423977171884431,6.018833312950953,-0.00553689173195719,10.999999999999886,22.0,35.40000000000009,16.5,7.088684135848348,5.434037148851604e-05,52.0,-0.0002925982205059759
m32wpcjo,Task_3,1723552783698755584,1723553058576662528,Task,765.0599369085173,101.58985565281601,70.86595940373411,33.2807570977918,0.023183477360162238,0.006732774656147154,3.4433764003961236,70.92108598956088,69.08517350157729,0.00809262137255027,1073.0,595.0,876.8000000000001,71.5,13.272247427801043,8.332761823785361e-05,72,-0.0010351376303122711,2024-08-13 14:39:43.698756,2024-08-13 14:44:18.576663,12.753783062363482,13.934854702181127,8.715153695110146,7.434603251637952,0.0021052239570882487,-0.00395587181891302,1.4713537076954257,8.72241402560202,7.854404270808054,-0.00155253296807863,65.0,22.0,37.80000000000007,11.0,7.7557669180770485,5.9343424644371076e-05,58.0,-0.0009462263496693209
m32wpcjo,Task_4,1723553058576662528,1723553333454569472,Task,756.1160541586073,98.81208220962512,65.22294799943064,27.852998065764023,0.042288344837316354,0.014472508047293478,2.921977635053017,65.28622783073529,60.154738878143135,0.009491192526332888,1073.0,600.0,858.6,60.0,13.543590062991615,8.437650013347055e-05,38,0.0004258784282856967,2024-08-13 14:44:18.576663,2024-08-13 14:48:53.454570,3.8099003124534647,11.157081258990232,3.0721422908066813,2.0068442196101763,0.021210091434242365,0.0037838615722333036,0.949954942352319,3.0875558667764267,-1.0760303526260984,-0.0001539618142960119,65.0,27.0,19.600000000000023,-0.5,8.027109553267621,6.0392306539988014e-05,24.0,0.0005147897089286469
